PM2.5,PM10,Temp,Humidity,hour,pm25_lag_1,pm25_lag_2,temp_lag_1
41.45,51.2,29.875,92.07,2,41.35,41.25,30.1
41.55,51.8,29.650000000000002,93.58,3,41.45,41.35,29.875
41.65,52.4,29.425,95.08999999999999,4,41.55,41.45,29.650000000000002
41.75,53.0,29.200000000000003,96.6,5,41.65,41.55,29.425
39.8125,49.75,30.150000000000002,92.39999999999999,6,41.75,41.65,29.200000000000003
37.875,46.5,31.1,88.19999999999999,7,39.8125,41.75,30.150000000000002
35.9375,43.25,32.05,84.0,8,37.875,39.8125,31.1
34.0,40.0,33.0,79.8,9,35.9375,37.875,32.05
40.97666666666667,52.123333333333335,34.6,73.4,10,34.0,35.9375,33.0
41.2,53.2,38.5,61.5,11,40.97666666666667,34.0,34.6
33.71,41.21,38.0,62.5,12,41.2,40.97666666666667,38.5
38.3175,51.9075,37.5,63.5,13,33.71,41.2,38.0
26.0,33.04,39.94285714285714,56.57142857142857,14,38.3175,33.71,37.5
23.275,26.0,36.449999999999996,65.58333333333333,15,26.0,38.3175,39.94285714285714
23.734,25.584,35.76666666666667,67.56666666666666,16,23.275,26.0,36.449999999999996
24.125,33.875,32.4,79.1,17,23.734,23.275,35.76666666666667
24.983333333333334,31.8,31.5,83.57142857142857,18,24.125,23.734,32.4
26.0125,34.34375,31.0,86.38888888888889,19,24.983333333333334,24.125,31.5
29.04375,35.21875,30.75,88.2,20,26.0125,24.983333333333334,31.0
29.574,35.480000000000004,30.5,89.31666666666666,21,29.04375,26.0125,30.75
30.705375,37.88875,30.35,90.16458333333333,22,29.574,29.04375,30.5
31.836750000000002,40.2975,30.2,91.01249999999999,23,30.705375,29.574,30.35
32.968125,42.706250000000004,30.05,91.86041666666667,0,31.836750000000002,30.705375,30.2
34.0995,45.115,29.9,92.70833333333333,1,32.968125,31.836750000000002,30.05
35.230875,47.52375,29.75,93.55624999999999,2,34.0995,32.968125,29.9
36.36225,49.932500000000005,29.6,94.40416666666667,3,35.230875,34.0995,29.75
37.493625,52.34125,29.45,95.25208333333333,4,36.36225,35.230875,29.6
38.625,54.75,29.3,96.1,5,37.493625,36.36225,29.45
35.15777777777778,49.70222222222222,32.13333333333333,86.13333333333333,6,38.625,37.493625,29.3
31.690555555555555,44.654444444444444,34.96666666666667,76.16666666666667,7,35.15777777777778,38.625,32.13333333333333
28.223333333333333,39.60666666666666,37.8,66.2,8,31.690555555555555,35.15777777777778,34.96666666666667
31.55,42.35666666666666,38.599999999999994,61.45,9,28.223333333333333,31.690555555555555,37.8
33.75,44.0,39.089999999999996,60.265,10,31.55,28.223333333333333,38.599999999999994
33.526666666666664,44.25,39.58,59.08,11,33.75,31.55,39.089999999999996
30.09375,39.5125,39.385714285714286,59.6,12,33.526666666666664,33.75,39.58
24.928571428571427,31.957142857142856,38.275,61.3,13,30.09375,33.526666666666664,39.385714285714286
25.583333333333332,32.26333333333333,38.38333333333333,60.28333333333333,14,24.928571428571427,30.09375,38.275
26.635714285714283,32.528571428571425,37.6,61.84285714285714,15,25.583333333333332,24.928571428571427,38.38333333333333
25.9,32.69375,35.31428571428571,68.21428571428571,16,26.635714285714283,25.583333333333332,37.6
24.771250000000002,31.56625,32.475,77.4875,17,25.9,26.635714285714283,35.31428571428571
30.0,39.86,31.857142857142858,80.71428571428571,18,24.771250000000002,25.9,32.475
38.4,53.85,31.7,81.96666666666667,19,30.0,24.771250000000002,31.857142857142858
31.2,34.4,31.5,84.475,20,38.4,30.0,31.7
30.84222222222222,40.525555555555556,31.1125,86.675,21,31.2,38.4,31.5
31.996666666666666,40.413333333333334,30.900000000000002,87.92857142857143,22,30.84222222222222,31.2,31.1125
33.4,44.7,30.771428571428572,89.01428571428572,23,31.996666666666666,30.84222222222222,30.900000000000002
35.62428571428571,48.76142857142857,30.766666666666666,89.1888888888889,0,33.4,31.996666666666666,30.771428571428572
35.554920634920634,48.56571428571428,30.8,89.2,1,35.62428571428571,33.4,30.766666666666666
35.48555555555556,48.37,31.725,86.1375,2,35.554920634920634,35.62428571428571,30.8
35.41619047619047,48.17428571428571,32.65,83.075,3,35.48555555555556,35.554920634920634,31.725
35.346825396825395,47.97857142857143,33.575,80.0125,4,35.41619047619047,35.48555555555556,32.65
35.27746031746032,47.78285714285714,34.5,76.94999999999999,5,35.346825396825395,35.41619047619047,33.575
35.20809523809524,47.58714285714286,35.425000000000004,73.88749999999999,6,35.27746031746032,35.346825396825395,34.5
35.138730158730155,47.39142857142857,36.35,70.82499999999999,7,35.20809523809524,35.27746031746032,35.425000000000004
35.06936507936508,47.19571428571429,37.275000000000006,67.76249999999999,8,35.138730158730155,35.20809523809524,36.35
35.0,47.0,38.2,64.69999999999999,9,35.06936507936508,35.138730158730155,37.275000000000006
32.8125,40.4375,38.275000000000006,64.19999999999999,10,35.0,35.06936507936508,38.2
30.625,33.875,38.35,63.7,11,32.8125,35.0,38.275000000000006
29.0,36.4,35.94,69.22,12,30.625,32.8125,38.35
29.016,38.215999999999994,35.88333333333333,69.41666666666667,13,29.0,30.625,35.94
25.996666666666666,34.65833333333333,36.475,66.525,14,29.016,29.0,35.88333333333333
25.225714285714282,32.21,34.88,69.9,15,25.996666666666666,29.016,36.475
28.784000000000002,38.55,33.38333333333333,75.33333333333333,16,25.225714285714282,25.996666666666666,34.88
28.5,38.81666666666667,32.42,79.34,17,28.784000000000002,25.225714285714282,33.38333333333333
30.632857142857144,38.49,31.811111111111114,83.61111111111111,18,28.5,28.784000000000002,32.42
32.3,42.4625,31.6375,85.3375,19,30.632857142857144,28.5,31.811111111111114
33.05,41.97,31.5,85.75,20,32.3,30.632857142857144,31.6375
35.1725,45.43125,31.35,85.97999999999999,21,33.05,32.3,31.5
28.25,39.5,31.3,86.60000000000001,22,35.1725,33.05,31.35
29.51904761904762,40.72380952380952,31.164285714285715,87.34285714285716,23,28.25,35.1725,31.3
30.788095238095238,41.94761904761905,31.02857142857143,88.08571428571429,0,29.51904761904762,28.25,31.164285714285715
32.05714285714286,43.17142857142857,30.892857142857142,88.82857142857144,1,30.788095238095238,29.51904761904762,31.02857142857143
33.326190476190476,44.39523809523809,30.75714285714286,89.57142857142857,2,32.05714285714286,30.788095238095238,30.892857142857142
34.595238095238095,45.61904761904761,30.621428571428574,90.31428571428572,3,33.326190476190476,32.05714285714286,30.75714285714286
35.864285714285714,46.84285714285714,30.485714285714288,91.05714285714285,4,34.595238095238095,33.326190476190476,30.621428571428574
37.13333333333333,48.06666666666666,30.35,91.8,5,35.864285714285714,34.595238095238095,30.485714285714288
36.64,47.65333333333333,31.864,86.096,6,37.13333333333333,35.864285714285714,30.35
36.14666666666667,47.239999999999995,33.378,80.392,7,36.64,37.13333333333333,31.864
35.65333333333333,46.82666666666667,34.892,74.68799999999999,8,36.14666666666667,36.64,33.378
35.16,46.413333333333334,36.406,68.984,9,35.65333333333333,36.14666666666667,34.892
34.666666666666664,46.0,37.92,63.279999999999994,10,35.16,35.65333333333333,36.406
37.0,50.65,38.06,63.379999999999995,11,34.666666666666664,35.16,37.92
21.3,25.0,36.771428571428565,68.1,12,37.0,34.666666666666664,38.06
21.419999999999998,26.444,36.84285714285714,67.97142857142858,13,21.3,37.0,36.771428571428565
20.083333333333332,27.2,36.425,68.175,14,21.419999999999998,21.3,36.84285714285714
26.425555555555555,34.91111111111111,35.739999999999995,69.9,15,20.083333333333332,21.419999999999998,36.425
21.066666666666666,24.8,34.199999999999996,73.93333333333334,16,26.425555555555555,20.083333333333332,35.739999999999995
19.716,25.919999999999998,31.9,81.1,17,21.066666666666666,26.425555555555555,34.199999999999996
22.79625,32.13125,31.566666666666666,83.0,18,19.716,21.066666666666666,31.9
18.355555555555554,23.63111111111111,31.2875,84.0875,19,22.79625,19.716,31.566666666666666
19.23888888888889,24.538888888888888,31.075,84.80000000000001,20,18.355555555555554,22.79625,31.2875
29.51,38.010000000000005,30.885714285714283,84.72857142857143,21,19.23888888888889,18.355555555555554,31.075
29.986153846153847,38.93871794871795,31.217582417582413,83.18791208791208,22,29.51,19.23888888888889,30.885714285714283
30.462307692307693,39.867435897435904,31.549450549450547,81.64725274725275,23,29.986153846153847,29.51,31.217582417582413
30.93846153846154,40.79615384615385,31.881318681318678,80.1065934065934,0,30.462307692307693,29.986153846153847,31.549450549450547
31.414615384615384,41.7248717948718,32.21318681318681,78.56593406593407,1,30.93846153846154,30.462307692307693,31.881318681318678
31.89076923076923,42.65358974358975,32.54505494505494,77.02527472527473,2,31.414615384615384,30.93846153846154,32.21318681318681
32.36692307692307,43.582307692307694,32.87692307692308,75.48461538461538,3,31.89076923076923,31.414615384615384,32.54505494505494
32.84307692307692,44.51102564102565,33.20879120879121,73.94395604395605,4,32.36692307692307,31.89076923076923,32.87692307692308
33.31923076923077,45.43974358974359,33.54065934065934,72.4032967032967,5,32.84307692307692,32.36692307692307,33.20879120879121
33.79538461538461,46.368461538461546,33.87252747252747,70.86263736263737,6,33.31923076923077,32.84307692307692,33.54065934065934
34.271538461538455,47.29717948717949,34.20439560439561,69.32197802197803,7,33.79538461538461,33.31923076923077,33.87252747252747
34.747692307692304,48.22589743589744,34.53626373626374,67.78131868131868,8,34.271538461538455,33.79538461538461,34.20439560439561
35.223846153846154,49.15461538461539,34.86813186813187,66.24065934065935,9,34.747692307692304,34.271538461538455,34.53626373626374
35.699999999999996,50.083333333333336,35.2,64.7,10,35.223846153846154,34.747692307692304,34.86813186813187
36.165,50.167500000000004,35.6,65.36666666666667,11,35.699999999999996,35.223846153846154,35.2
38.92142857142857,51.15714285714286,37.971428571428575,61.300000000000004,12,36.165,35.699999999999996,35.6
37.98125,50.30625,38.675,60.225,13,38.92142857142857,36.165,37.971428571428575
32.76875,46.7,40.577777777777776,54.599999999999994,14,37.98125,38.92142857142857,38.675
32.05,40.9,37.31428571428571,62.857142857142854,15,32.76875,37.98125,40.577777777777776
25.554285714285715,33.07142857142857,34.483333333333334,70.03333333333333,16,32.05,32.76875,37.31428571428571
24.656666666666666,33.443333333333335,32.075,79.22500000000001,17,25.554285714285715,32.05,34.483333333333334
21.50714285714286,28.897142857142857,31.119999999999997,83.53999999999999,18,24.656666666666666,25.554285714285715,32.075
38.42,50.705,30.95,85.3125,19,21.50714285714286,24.656666666666666,31.119999999999997
24.5,28.1875,30.56666666666667,86.77777777777777,20,38.42,21.50714285714286,30.95
31.314285714285713,41.607142857142854,30.472727272727273,87.38181818181819,21,24.5,38.42,30.56666666666667
32.0,35.4,30.226136363636364,88.53409090909092,22,31.314285714285713,24.5,30.472727272727273
37.31428571428572,42.49285714285714,29.979545454545455,89.68636363636364,23,32.0,31.314285714285713,30.226136363636364
42.62857142857143,49.58571428571428,29.732954545454547,90.83863636363637,0,37.31428571428572,32.0,29.979545454545455
47.94285714285714,56.67857142857143,29.486363636363635,91.9909090909091,1,42.62857142857143,37.31428571428572,29.732954545454547
53.25714285714286,63.77142857142857,29.239772727272726,93.14318181818182,2,47.94285714285714,42.62857142857143,29.486363636363635
58.57142857142858,70.86428571428571,28.993181818181817,94.29545454545455,3,53.25714285714286,47.94285714285714,29.239772727272726
63.885714285714286,77.95714285714286,28.74659090909091,95.44772727272726,4,58.57142857142858,53.25714285714286,28.993181818181817
69.2,85.05,28.5,96.6,5,63.885714285714286,58.57142857142858,28.74659090909091
63.4765,78.6735,30.14,90.78,6,69.2,63.885714285714286,28.5
57.753,72.297,31.78,84.96,7,63.4765,69.2,30.14
52.0295,65.9205,33.42,79.14,8,57.753,63.4765,31.78
46.306,59.544000000000004,35.06,73.32,9,52.0295,57.753,33.42
40.582499999999996,53.167500000000004,36.7,67.5,10,46.306,52.0295,35.06
37.25,49.0,36.55,66.15,11,40.582499999999996,46.306,36.7
36.4,49.800000000000004,38.75,61.5,12,37.25,40.582499999999996,36.55
27.5,45.666666666666664,38.63333333333333,61.03333333333333,13,36.4,37.25,38.75
31.875,44.15,35.86666666666667,66.89999999999999,14,27.5,36.4,38.63333333333333
29.883333333333336,40.75,36.7,65.6,15,31.875,27.5,35.86666666666667
32.75,47.0,35.400000000000006,68.44999999999999,16,29.883333333333336,31.875,36.7
26.610000000000003,37.730000000000004,32.18333333333333,78.41666666666667,17,32.75,29.883333333333336,35.400000000000006
26.821428571428573,38.82142857142857,31.425,81.725,18,26.610000000000003,32.75,32.18333333333333
27.325,35.86666666666667,31.119999999999997,84.56,19,26.821428571428573,26.610000000000003,31.425
29.25,38.5,30.95,85.65,20,27.325,26.821428571428573,31.119999999999997
29.85,39.375,30.77777777777778,86.67037037037038,21,29.25,27.325,30.95
30.45,40.25,30.605555555555554,87.69074074074075,22,29.85,29.25,30.77777777777778
31.05,41.125,30.433333333333334,88.71111111111111,23,30.45,29.85,30.605555555555554
31.65,42.0,30.261111111111113,89.73148148148148,0,31.05,30.45,30.433333333333334
32.25,42.875,30.08888888888889,90.75185185185185,1,31.65,31.05,30.261111111111113
32.85,43.75,29.916666666666668,91.77222222222223,2,32.25,31.65,30.08888888888889
33.45,44.625,29.744444444444447,92.7925925925926,3,32.85,32.25,29.916666666666668
34.05,45.5,29.572222222222223,93.81296296296296,4,33.45,32.85,29.744444444444447
34.65,46.375,29.400000000000002,94.83333333333333,5,34.05,33.45,29.572222222222223
35.25,47.25,29.5,93.5,6,34.65,34.05,29.400000000000002
32.6,43.34466666666667,31.825,85.15833333333333,7,35.25,34.65,29.5
29.95,39.43933333333334,34.15,76.81666666666666,8,32.6,35.25,31.825
27.3,35.534000000000006,36.475,68.475,9,29.95,32.6,34.15
31.6875,40.75,39.271428571428565,59.57142857142857,10,27.3,29.95,36.475
31.0,36.0,35.8,65.0,11,31.6875,27.3,39.271428571428565
30.575,44.18666666666667,36.63333333333333,64.95,12,31.0,31.6875,35.8
31.183333333333334,41.08833333333333,38.56,60.379999999999995,13,30.575,31.0,36.63333333333333
29.442857142857143,38.22428571428571,37.871428571428574,62.800000000000004,14,31.183333333333334,30.575,38.56
25.44333333333333,33.723333333333336,36.06666666666667,66.93333333333334,15,29.442857142857143,31.183333333333334,37.871428571428574
29.583333333333332,42.43333333333333,34.21666666666667,73.43333333333334,16,25.44333333333333,29.442857142857143,36.06666666666667
35.10375,50.1775,32.6,77.9,17,29.583333333333332,25.44333333333333,34.21666666666667
47.260000000000005,63.9,31.7,83.61666666666666,18,35.10375,29.583333333333332,32.6
39.755,54.575,31.49047619047619,84.55873015873016,19,47.260000000000005,35.10375,31.7
32.25,45.25,31.28095238095238,85.50079365079365,20,39.755,47.260000000000005,31.49047619047619
27.5,36.983333333333334,31.071428571428573,86.44285714285715,21,32.25,39.755,31.28095238095238
27.28,33.46857142857143,30.922222222222224,87.73333333333333,22,27.5,32.25,31.071428571428573
36.08125,48.11875,30.77,89.06,23,27.28,27.5,30.922222222222224
31.428571428571427,40.528571428571425,30.9,88.3125,0,36.08125,27.28,30.77
33.80985714285714,43.83985714285714,30.7,89.59666666666666,1,31.428571428571427,36.08125,30.9
36.19114285714286,47.15114285714286,30.5,90.88083333333333,2,33.80985714285714,31.428571428571427,30.7
38.572428571428574,50.462428571428575,30.3,92.165,3,36.19114285714286,33.80985714285714,30.5
40.953714285714284,53.773714285714284,30.1,93.44916666666667,4,38.572428571428574,36.19114285714286,30.3
43.335,57.085,29.900000000000002,94.73333333333333,5,40.953714285714284,38.572428571428574,30.1
44.193,58.493,31.345000000000002,89.51166666666667,6,43.335,40.953714285714284,29.900000000000002
45.051,59.901,32.79,84.29,7,44.193,43.335,31.345000000000002
45.909,61.309,34.235,79.06833333333333,8,45.051,44.193,32.79
46.767,62.717,35.68,73.84666666666666,9,45.909,45.051,34.235
47.625,64.125,37.125,68.625,10,46.767,45.909,35.68
44.04125,58.15,38.175,62.9625,11,47.625,46.767,37.125
36.516666666666666,47.74166666666667,39.44285714285714,57.457142857142856,12,44.04125,47.625,38.175
30.080000000000002,38.239999999999995,37.3,62.8,13,36.516666666666666,44.04125,39.44285714285714
30.580000000000002,39.846,36.14,66.34,14,30.080000000000002,36.516666666666666,37.3
29.4,30.6,33.95,69.65,15,30.580000000000002,30.080000000000002,36.14
29.4875,39.4125,27.22,74.66,16,29.4,30.580000000000002,33.95
31.25,40.175,32.25,78.8,17,29.4875,29.4,27.22
34.9825,48.155,31.15,82.25,18,31.25,29.4875,32.25
40.67777777777778,54.68333333333333,30.8,83.18333333333334,19,34.9825,31.25,31.15
36.0,49.25,30.514285714285712,84.15714285714286,20,40.67777777777778,34.9825,30.8
52.09571428571429,68.88142857142857,30.375,85.0125,21,36.0,40.67777777777778,30.514285714285712
50.21875,68.6975,30.24285714285714,85.67142857142858,22,52.09571428571429,36.0,30.375
47.214285714285715,64.53571428571429,30.1375,86.525,23,50.21875,52.09571428571429,30.24285714285714
45.644999999999996,59.785000000000004,29.924999999999997,87.175,0,47.214285714285715,50.21875,30.1375
46.616,61.528000000000006,29.499999999999996,88.83,1,45.644999999999996,47.214285714285715,29.924999999999997
47.586999999999996,63.271,29.075,90.485,2,46.616,45.644999999999996,29.499999999999996
48.558,65.014,28.65,92.14,3,47.586999999999996,46.616,29.075
49.528999999999996,66.757,28.225,93.795,4,48.558,47.586999999999996,28.65
50.5,68.5,27.8,95.45,5,49.528999999999996,48.558,28.225
49.083333333333336,67.0,30.916666666666668,85.48333333333333,6,50.5,49.528999999999996,27.8
47.666666666666664,65.5,34.03333333333333,75.51666666666667,7,49.083333333333336,50.5,30.916666666666668
46.25,64.0,37.15,65.55,8,47.666666666666664,49.083333333333336,34.03333333333333
44.166,56.826,37.36666666666667,64.43333333333334,9,46.25,47.666666666666664,37.15
51.075,67.75,37.8,62.175,10,44.166,46.25,37.36666666666667
36.9125,52.24,38.1,61.400000000000006,11,51.075,44.166,37.8
40.84571428571429,54.14714285714285,35.65,68.4,12,36.9125,51.075,38.1
39.416666666666664,51.50333333333333,36.333333333333336,66.31666666666666,13,40.84571428571429,36.9125,35.65
38.37777777777777,49.93333333333333,34.2125,72.2375,14,39.416666666666664,40.84571428571429,36.333333333333336
34.41875,45.71875,34.42857142857143,71.25714285714285,15,38.37777777777777,39.416666666666664,34.2125
30.98857142857143,41.44571428571429,33.516666666666666,73.63333333333334,16,34.41875,38.37777777777777,34.42857142857143
29.691666666666666,39.458333333333336,32.11666666666667,78.46666666666665,17,30.98857142857143,34.41875,33.516666666666666
29.563333333333333,38.265,31.1,83.12,18,29.691666666666666,30.98857142857143,32.11666666666667
30.141428571428573,37.605714285714285,30.97142857142857,83.61428571428571,19,29.563333333333333,29.691666666666666,31.1
32.0,40.0,30.75,84.9,20,30.141428571428573,29.563333333333333,30.97142857142857
30.5,39.275,30.622222222222224,84.87777777777778,21,32.0,30.141428571428573,30.75
40.05714285714286,53.85,30.442857142857143,85.78571428571429,22,30.5,32.0,30.622222222222224
37.827777777777776,49.663333333333334,30.08181818181818,87.74545454545454,23,40.05714285714286,30.5,30.442857142857143
77.74,95.25,29.983333333333334,88.46666666666665,0,37.827777777777776,40.05714285714286,30.08181818181818
77.592,94.4,29.666666666666668,90.48333333333332,1,77.74,37.827777777777776,29.983333333333334
77.444,93.55,29.35,92.49999999999999,2,77.592,77.74,29.666666666666668
77.29599999999999,92.7,29.03333333333333,94.51666666666667,3,77.444,77.592,29.35
77.148,91.85,28.716666666666665,96.53333333333333,4,77.29599999999999,77.444,29.03333333333333
77.0,91.0,28.4,98.55,5,77.148,77.29599999999999,28.716666666666665
65.0425,77.2675,31.025,89.19749999999999,6,77.0,77.148,28.4
53.085,63.535,33.65,79.845,7,65.0425,77.0,31.025
41.1275,49.8025,36.275,70.4925,8,53.085,65.0425,33.65
29.169999999999998,36.07,38.9,61.14,9,41.1275,53.085,36.275
32.89,39.78333333333333,39.025,59.125,10,29.169999999999998,41.1275,38.9
46.228571428571435,60.42142857142857,38.08571428571429,61.885714285714286,11,32.89,29.169999999999998,39.025
42.31666666666667,57.199999999999996,39.68,57.839999999999996,12,46.228571428571435,32.89,38.08571428571429
41.25,53.776666666666664,36.7,63.8375,13,42.31666666666667,46.228571428571435,39.68
38.08,50.75,36.471428571428575,65.37142857142858,14,41.25,42.31666666666667,36.7
33.50714285714286,43.35,36.611111111111114,65.23333333333333,15,38.08,41.25,36.471428571428575
28.897777777777776,38.54777777777778,34.69,70.83,16,33.50714285714286,38.08,36.611111111111114
29.92142857142857,37.25,32.325,79.65,17,28.897777777777776,33.50714285714286,34.69
29.291666666666668,36.666666666666664,31.475,83.475,18,29.92142857142857,28.897777777777776,32.325
29.11625,38.39125,31.225,83.94999999999999,19,29.291666666666668,29.92142857142857,31.475
28.25,39.333333333333336,30.939999999999998,85.16,20,29.11625,29.291666666666668,31.225
29.941666666666666,38.11666666666667,30.85,86.425,21,28.25,29.11625,30.939999999999998
28.021250000000002,36.54375,30.619999999999997,87.64,22,29.941666666666666,28.25,30.85
25.2375,36.9,30.575000000000003,87.8,23,28.021250000000002,29.941666666666666,30.619999999999997
18.955714285714286,23.321428571428573,30.511111111111113,88.03333333333333,0,25.2375,28.021250000000002,30.575000000000003
18.45,22.150000000000002,30.4,88.1,1,18.955714285714286,25.2375,30.511111111111113
23.5875,28.8625,30.1,90.38749999999999,2,18.45,18.955714285714286,30.4
28.725,35.575,29.8,92.675,3,23.5875,18.45,30.1
33.8625,42.2875,29.5,94.9625,4,28.725,23.5875,29.8
39.0,49.0,29.200000000000003,97.25,5,33.8625,28.725,29.5
42.79895833333333,53.035,29.7,94.8,6,39.0,33.8625,29.200000000000003
46.59791666666667,57.07,29.618181818181817,94.52727272727273,7,42.79895833333333,39.0,29.7
50.396875,61.105000000000004,29.536363636363635,94.25454545454545,8,46.59791666666667,42.79895833333333,29.618181818181817
54.19583333333333,65.14,29.454545454545453,93.98181818181818,9,50.396875,46.59791666666667,29.536363636363635
57.99479166666667,69.175,29.37272727272727,93.7090909090909,10,54.19583333333333,50.396875,29.454545454545453
61.79375,73.21000000000001,29.29090909090909,93.43636363636364,11,57.99479166666667,54.19583333333333,29.37272727272727
65.59270833333333,77.245,29.20909090909091,93.16363636363636,12,61.79375,57.99479166666667,29.29090909090909
69.39166666666667,81.28,29.12727272727273,92.89090909090909,13,65.59270833333333,61.79375,29.20909090909091
73.19062500000001,85.315,29.045454545454547,92.61818181818181,14,69.39166666666667,65.59270833333333,29.12727272727273
76.98958333333334,89.35,28.963636363636365,92.34545454545454,15,73.19062500000001,69.39166666666667,29.045454545454547
80.78854166666667,93.385,28.881818181818183,92.07272727272726,16,76.98958333333334,73.19062500000001,28.963636363636365
84.5875,97.42,28.8,91.8,17,80.78854166666667,76.98958333333334,28.881818181818183
116.59166666666665,127.96333333333332,29.78,86.06,18,84.5875,80.78854166666667,28.8
115.28999999999999,131.29000000000002,29.4,84.8,19,116.59166666666665,84.5875,29.78
114.53636363636363,129.85454545454547,28.959999999999997,86.32,20,115.28999999999999,116.59166666666665,29.4
113.78272727272727,128.41909090909093,28.52,87.84,21,114.53636363636363,115.28999999999999,28.959999999999997
113.0290909090909,126.98363636363638,28.08,89.36,22,113.78272727272727,114.53636363636363,28.52
112.27545454545454,125.54818181818183,27.64,90.88,23,113.0290909090909,113.78272727272727,28.08
111.52181818181818,124.11272727272728,27.2,92.4,0,112.27545454545454,113.0290909090909,27.64
110.76818181818182,122.67727272727274,26.759999999999998,93.92,1,111.52181818181818,112.27545454545454,27.2
110.01454545454546,121.24181818181819,26.32,95.44,2,110.76818181818182,111.52181818181818,26.759999999999998
109.2609090909091,119.80636363636364,25.88,96.96,3,110.01454545454546,110.76818181818182,26.32
108.50727272727272,118.3709090909091,25.44,98.48,4,109.2609090909091,110.01454545454546,25.88
107.75363636363636,116.93545454545455,25.0,100.0,5,108.50727272727272,109.2609090909091,25.44
107.0,115.5,27.433333333333334,94.76666666666667,6,107.75363636363636,108.50727272727272,25.0
77.1875,88.1875,29.866666666666664,89.53333333333333,7,107.0,107.75363636363636,27.433333333333334
47.375,60.875,32.3,84.3,8,77.1875,107.0,29.866666666666664
49.6875,64.75916666666666,36.099999999999994,69.19999999999999,9,47.375,77.1875,32.3
52.0,68.64333333333333,37.9,62.8,10,49.6875,47.375,36.099999999999994
58.86,72.08,37.6,63.48333333333333,11,52.0,49.6875,37.9
33.333333333333336,43.734,38.1,60.4,12,58.86,52.0,37.6
32.833333333333336,44.94166666666666,38.5875,57.85,13,33.333333333333336,58.86,38.1
30.0,42.25,37.23375,61.735,14,32.833333333333336,33.333333333333336,38.5875
31.321428571428573,42.16571428571428,35.88,65.62,15,30.0,32.833333333333336,37.23375
30.678571428571427,42.021428571428565,34.53333333333333,69.37777777777778,16,31.321428571428573,30.0,35.88
31.669999999999998,42.646,32.22857142857143,76.25714285714285,17,30.678571428571427,31.321428571428573,34.53333333333333
41.80714285714286,58.285714285714285,31.228571428571428,83.62857142857142,18,31.669999999999998,30.678571428571427,32.22857142857143
41.01428571428572,56.964285714285715,31.1,86.2,19,41.80714285714286,31.669999999999998,31.228571428571428
39.6,52.7,30.65,88.8,20,41.01428571428572,41.80714285714286,31.1
43.09571428571429,56.81857142857143,30.4,89.58,21,39.6,41.01428571428572,30.65
43.8125,58.5625,30.125,90.05,22,43.09571428571429,39.6,30.4
45.3875,59.725,30.05,90.25,23,43.8125,43.09571428571429,30.125
69.90625,85.17625,29.842857142857145,91.12857142857142,0,45.3875,43.8125,30.05
88.6,109.4,29.771428571428572,91.71428571428571,1,69.90625,45.3875,29.842857142857145
47.5,65.25,29.7,92.3,2,88.6,69.90625,29.771428571428572
57.8125,75.5575,30.447499999999998,89.5925,3,47.5,88.6,29.7
68.125,85.865,31.195,86.88499999999999,4,57.8125,47.5,30.447499999999998
78.4375,96.17249999999999,31.9425,84.1775,5,68.125,57.8125,31.195
88.75,106.47999999999999,32.69,81.47,6,78.4375,68.125,31.9425
99.0625,116.7875,33.4375,78.7625,7,88.75,78.4375,32.69
109.375,127.09499999999998,34.185,76.055,8,99.0625,88.75,33.4375
119.6875,137.40249999999997,34.9325,73.3475,9,109.375,99.0625,34.185
130.0,147.70999999999998,35.68,70.64,10,119.6875,109.375,34.9325
45.107142857142854,61.05428571428571,38.5,61.88333333333333,11,130.0,119.6875,35.68
39.1875,53.0625,38.82,60.0,12,45.107142857142854,130.0,38.5
35.65,48.6,37.88,61.370000000000005,13,39.1875,45.107142857142854,38.82
29.336666666666662,40.01444444444444,36.675,64.8375,14,35.65,39.1875,37.88
30.28375,39.6875,36.18333333333333,66.0,15,29.336666666666662,35.65,36.675
31.4,41.7675,33.0,65.38000000000001,16,30.28375,29.336666666666662,36.18333333333333
36.90833333333333,47.666666666666664,31.910000000000004,68.72999999999999,17,31.4,30.28375,33.0
37.5,51.475,31.525,80.0,18,36.90833333333333,31.4,31.910000000000004
36.63,49.905,31.25714285714286,84.34285714285714,19,37.5,36.90833333333333,31.525
41.791666666666664,57.196666666666665,31.125,85.325,20,36.63,37.5,31.25714285714286
45.75,62.833333333333336,31.0,85.5,21,41.791666666666664,36.63,31.125
37.62,51.68222222222222,30.78333333333333,87.31666666666666,22,45.75,41.791666666666664,31.0
55.19166666666666,69.46666666666667,30.728571428571428,88.0,23,37.62,45.75,30.78333333333333
47.862,63.15,30.733333333333334,87.77777777777777,0,55.19166666666666,37.62,30.728571428571428
55.03333333333333,72.26666666666667,30.4,88.6,1,47.862,55.19166666666666,30.733333333333334
52.724999999999994,68.7,29.775,91.44999999999999,2,55.03333333333333,47.862,30.4
50.416666666666664,65.13333333333333,29.15,94.3,3,52.724999999999994,55.03333333333333,29.775
48.108333333333334,61.56666666666666,28.525,97.15,4,50.416666666666664,52.724999999999994,29.15
45.8,58.0,27.9,100.0,5,48.108333333333334,50.416666666666664,28.525
44.041666666666664,56.25625,29.64,93.9,6,45.8,48.108333333333334,27.9
42.28333333333333,54.5125,31.38,87.8,7,44.041666666666664,45.8,29.64
40.525,52.76875,33.120000000000005,81.7,8,42.28333333333333,44.041666666666664,31.38
38.766666666666666,51.025,34.86,75.6,9,40.525,42.28333333333333,33.120000000000005
37.00833333333333,49.28125,36.6,69.5,10,38.766666666666666,40.525,34.86
35.25,47.5375,37.825,63.975,11,37.00833333333333,38.766666666666666,36.6
30.5,42.384,40.220000000000006,58.17999999999999,12,35.25,37.00833333333333,37.825
29.771428571428572,39.887142857142855,38.550000000000004,61.35,13,30.5,35.25,40.220000000000006
31.8375,44.75,37.9,62.475,14,29.771428571428572,30.5,38.550000000000004
31.735714285714288,44.67857142857143,36.7,64.675,15,31.8375,29.771428571428572,37.9
32.625,41.775,34.5,70.77142857142857,16,31.735714285714288,31.8375,36.7
38.336666666666666,52.30833333333334,32.32,78.44000000000001,17,32.625,31.735714285714288,34.5
31.95,44.7,31.725,81.125,18,38.336666666666666,32.625,32.32
33.9,47.089999999999996,31.55,82.5,19,31.95,38.336666666666666,31.725
31.9375,43.4875,31.3,84.5,20,33.9,31.95,31.55
32.291666666666664,41.800000000000004,31.2,85.7875,21,31.9375,33.9,31.3
30.783333333333335,42.650000000000006,31.12857142857143,86.92857142857143,22,32.291666666666664,31.9375,31.2
31.785,44.34625,30.766666666666666,86.58333333333333,23,30.783333333333335,32.291666666666664,31.12857142857143
35.30625,47.99,30.444444444444443,87.84444444444445,0,31.785,30.783333333333335,30.766666666666666
35.995,49.042,30.202222222222222,90.27555555555556,1,35.30625,31.785,30.444444444444443
36.683749999999996,50.094,29.96,92.70666666666666,2,35.995,35.30625,30.202222222222222
37.3725,51.146,29.717777777777776,95.13777777777779,3,36.683749999999996,35.995,29.96
38.06125,52.198,29.475555555555555,97.56888888888889,4,37.3725,36.683749999999996,29.717777777777776
38.75,53.25,29.233333333333334,100.0,5,38.06125,37.3725,29.475555555555555
37.6125,52.2375,30.875,93.275,6,38.75,38.06125,29.233333333333334
36.475,51.225,32.516666666666666,86.55,7,37.6125,38.75,30.875
35.337500000000006,50.212500000000006,34.15833333333333,79.82499999999999,8,36.475,37.6125,32.516666666666666
34.2,49.2,35.8,73.1,9,35.337500000000006,36.475,34.15833333333333
32.416666666666664,38.56666666666667,36.266666666666666,69.26666666666667,10,34.2,35.337500000000006,35.8
27.0,28.0,35.20833333333333,70.78333333333333,11,32.416666666666664,34.2,36.266666666666666
29.0,44.25,34.15,72.3,12,27.0,32.416666666666664,35.20833333333333
32.4,40.7125,35.96666666666667,67.93333333333332,13,29.0,27.0,34.15
29.2,36.60625,34.18333333333334,73.96666666666667,14,32.4,29.0,35.96666666666667
26.0,32.5,32.4,80.0,15,29.2,32.4,34.18333333333334
25.375,31.3,31.966666666666665,82.11666666666666,16,26.0,29.2,32.4
24.75,30.1,31.533333333333335,84.23333333333333,17,25.375,26.0,31.966666666666665
27.925,34.25,31.1,86.35,18,24.75,25.375,31.533333333333335
29.577272727272728,36.503181818181815,30.803030303030305,87.59090909090908,19,27.925,24.75,31.1
31.229545454545455,38.75636363636364,30.506060606060608,88.83181818181818,20,29.577272727272728,27.925,30.803030303030305
32.88181818181818,41.00954545454545,30.20909090909091,90.07272727272726,21,31.229545454545455,29.577272727272728,30.506060606060608
34.53409090909091,43.262727272727275,29.912121212121214,91.31363636363636,22,32.88181818181818,31.229545454545455,30.20909090909091
36.18636363636364,45.51590909090909,29.615151515151517,92.55454545454545,23,34.53409090909091,32.88181818181818,29.912121212121214
37.83863636363637,47.769090909090906,29.318181818181817,93.79545454545455,0,36.18636363636364,34.53409090909091,29.615151515151517
39.49090909090909,50.02227272727272,29.02121212121212,95.03636363636363,1,37.83863636363637,36.18636363636364,29.318181818181817
41.143181818181816,52.275454545454544,28.724242424242423,96.27727272727273,2,39.49090909090909,37.83863636363637,29.02121212121212
42.79545454545455,54.528636363636366,28.427272727272726,97.51818181818182,3,41.143181818181816,39.49090909090909,28.724242424242423
44.44772727272728,56.78181818181818,28.13030303030303,98.7590909090909,4,42.79545454545455,41.143181818181816,28.427272727272726
46.1,59.035,27.833333333333332,100.0,5,44.44772727272728,42.79545454545455,28.13030303030303
47.9375,64.0625,28.333333333333332,100.0,6,46.1,44.44772727272728,27.833333333333332
46.7,61.55,30.026666666666664,93.51,7,47.9375,46.1,28.333333333333332
45.4625,59.0375,31.72,87.02000000000001,8,46.7,47.9375,30.026666666666664
44.225,56.525,33.41333333333333,80.53,9,45.4625,46.7,31.72
42.9875,54.0125,35.10666666666666,74.04,10,44.225,45.4625,33.41333333333333
41.75,51.5,36.8,67.55000000000001,11,42.9875,44.225,35.10666666666666
44.7,57.9,37.5,64.575,12,41.75,42.9875,36.8
43.1875,56.980000000000004,38.2,61.6,13,44.7,41.75,37.5
45.416666666666664,59.666666666666664,39.300000000000004,58.166666666666664,14,43.1875,44.7,38.2
48.75,65.9175,36.88,63.9,15,45.416666666666664,43.1875,39.300000000000004
40.25,58.5,34.1,69.2,16,48.75,45.416666666666664,36.88
37.5075,52.0,31.939999999999998,73.88,17,40.25,48.75,34.1
45.49625,63.09625,31.071428571428573,77.95714285714287,18,37.5075,40.25,31.939999999999998
38.32142857142857,50.06428571428571,30.689999999999998,80.31,19,45.49625,37.5075,31.071428571428573
41.32857142857143,56.07857142857143,30.46666666666667,81.56666666666666,20,38.32142857142857,45.49625,30.689999999999998
42.35873015873016,57.46984126984127,30.237037037037037,83.6148148148148,21,41.32857142857143,38.32142857142857,30.46666666666667
43.38888888888889,58.86111111111111,30.00740740740741,85.66296296296296,22,42.35873015873016,41.32857142857143,30.237037037037037
44.41904761904762,60.25238095238095,29.77777777777778,87.71111111111111,23,43.38888888888889,42.35873015873016,30.00740740740741
45.44920634920635,61.64365079365079,29.548148148148147,89.75925925925925,0,44.41904761904762,43.38888888888889,29.77777777777778
46.47936507936508,63.03492063492063,29.31851851851852,91.80740740740741,1,45.44920634920635,44.41904761904762,29.548148148148147
47.50952380952381,64.42619047619047,29.08888888888889,93.85555555555555,2,46.47936507936508,45.44920634920635,29.31851851851852
48.539682539682545,65.81746031746032,28.859259259259257,95.9037037037037,3,47.50952380952381,46.47936507936508,29.08888888888889
49.56984126984127,67.20873015873015,28.62962962962963,97.95185185185186,4,48.539682539682545,47.50952380952381,28.859259259259257
50.6,68.6,28.4,100.0,5,49.56984126984127,48.539682539682545,28.62962962962963
45.79375,62.3,30.225,93.3125,6,50.6,49.56984126984127,28.4
40.9875,56.0,32.05,86.625,7,45.79375,50.6,30.225
36.18125,49.699999999999996,33.875,79.9375,8,40.9875,45.79375,32.05
31.375,43.4,35.7,73.25,9,36.18125,40.9875,33.875
36.12,47.49666666666667,36.8,66.275,10,31.375,36.18125,35.7
38.166666666666664,50.699999999999996,38.7,60.325,11,36.12,31.375,36.8
33.63,46.769999999999996,39.357142857142854,57.699999999999996,12,38.166666666666664,36.12,38.7
33.03,44.06,39.53333333333333,57.06666666666666,13,33.63,38.166666666666664,39.357142857142854
30.625,44.125,39.45,56.8,14,33.03,33.63,39.53333333333333
29.3425,41.269999999999996,37.733333333333334,60.1888888888889,15,30.625,33.03,39.45
29.15,37.13,34.75,68.1,16,29.3425,30.625,37.733333333333334
31.55,43.050000000000004,32.42857142857143,75.21428571428571,17,29.15,29.3425,34.75
29.5,36.214999999999996,31.5125,80.0125,18,31.55,29.15,32.42857142857143
29.96666666666667,36.833333333333336,31.26,81.84,19,29.5,31.55,31.5125
32.38,43.03,31.02,83.42,20,29.96666666666667,29.5,31.26
36.2525,47.87125,30.718333333333334,84.67666666666668,21,32.38,29.96666666666667,31.02
40.125,52.7125,30.416666666666668,85.93333333333334,22,36.2525,32.38,30.718333333333334
85.98,102.9575,30.160000000000004,87.28,23,40.125,36.2525,30.416666666666668
71.30888888888889,84.88888888888889,29.95,88.02000000000001,0,85.98,40.125,30.160000000000004
44.3125,59.98125,29.71666666666667,88.75,1,71.30888888888889,85.98,29.95
78.78999999999999,92.24,29.5,89.66,2,44.3125,71.30888888888889,29.71666666666667
79.5,95.69333333333333,29.55,89.5,3,78.78999999999999,44.3125,29.5
72.4,86.64666666666666,28.625,94.75,4,79.5,78.78999999999999,29.55
65.3,77.6,27.7,100.0,5,72.4,79.5,28.625
54.53333333333333,65.28999999999999,30.65,89.88333333333333,6,65.3,72.4,27.7
43.766666666666666,52.980000000000004,33.6,79.76666666666667,7,54.53333333333333,65.3,30.65
33.0,40.67,36.55,69.65,8,43.766666666666666,54.53333333333333,33.6
36.55,47.8,39.5,59.53333333333333,9,33.0,43.766666666666666,36.55
43.75,58.5,37.05,63.0,10,36.55,33.0,39.5
39.875,52.875,37.166666666666664,62.666666666666664,11,43.75,36.55,37.05
35.7125,46.7,36.833333333333336,59.300000000000004,12,39.875,43.75,37.166666666666664
34.513999999999996,43.056,38.225,59.04,13,35.7125,39.875,36.833333333333336
37.5625,51.425,34.82,66.38,14,34.513999999999996,35.7125,38.225
30.686,39.46,36.56666666666667,63.699999999999996,15,37.5625,34.513999999999996,34.82
29.265,39.17125,35.53333333333333,66.18333333333332,16,30.686,37.5625,36.56666666666667
31.642857142857142,42.02428571428572,32.86666666666667,74.10000000000001,17,29.265,30.686,35.53333333333333
33.457142857142856,44.62428571428571,32.05,76.3,18,31.642857142857142,29.265,32.86666666666667
34.95,44.266,31.683333333333334,78.2,19,33.457142857142856,31.642857142857142,32.05
32.59285714285714,41.771428571428565,31.4625,79.6125,20,34.95,33.457142857142856,31.683333333333334
32.47777777777778,44.69444444444444,31.114285714285717,81.52857142857144,21,32.59285714285714,34.95,31.4625
33.97571428571428,41.49428571428571,30.866666666666664,83.8,22,32.47777777777778,32.59285714285714,31.114285714285717
32.6375,44.08125,30.72,84.66,23,33.97571428571428,32.47777777777778,30.866666666666664
33.0,42.25,30.6,85.3,0,32.6375,33.97571428571428,30.72
33.80555555555556,43.092592592592595,31.477777777777778,82.84444444444443,1,33.0,32.6375,30.6
34.611111111111114,43.93518518518518,32.355555555555554,80.38888888888889,2,33.80555555555556,33.0,31.477777777777778
35.416666666666664,44.77777777777778,33.233333333333334,77.93333333333334,3,34.611111111111114,33.80555555555556,32.355555555555554
36.22222222222222,45.620370370370374,34.111111111111114,75.47777777777777,4,35.416666666666664,34.611111111111114,33.233333333333334
37.02777777777778,46.46296296296296,34.98888888888889,73.02222222222221,5,36.22222222222222,35.416666666666664,34.111111111111114
37.833333333333336,47.30555555555556,35.86666666666667,70.56666666666666,6,37.02777777777778,36.22222222222222,34.98888888888889
38.638888888888886,48.14814814814815,36.74444444444445,68.11111111111111,7,37.833333333333336,37.02777777777778,35.86666666666667
39.44444444444444,48.99074074074074,37.62222222222222,65.65555555555555,8,38.638888888888886,37.833333333333336,36.74444444444445
40.25,49.833333333333336,38.5,63.199999999999996,9,39.44444444444444,38.638888888888886,37.62222222222222
59.31142857142857,72.04571428571428,38.9,61.98571428571428,10,40.25,39.44444444444444,38.5
46.5375,61.15,39.0,60.857142857142854,11,59.31142857142857,40.25,38.9
35.39666666666667,48.025,36.275,66.75,12,46.5375,59.31142857142857,39.0
34.125,43.542500000000004,36.224999999999994,66.175,13,35.39666666666667,46.5375,36.275
31.2,44.776666666666664,36.47777777777778,64.9888888888889,14,34.125,35.39666666666667,36.224999999999994
29.475,33.68125,35.510000000000005,67.52000000000001,15,31.2,34.125,36.47777777777778
25.428571428571427,30.678571428571427,34.7,70.225,16,29.475,31.2,35.510000000000005
28.85,34.8,32.480000000000004,76.6,17,25.428571428571427,29.475,34.7
29.021428571428572,36.40714285714286,31.625,80.1625,18,28.85,25.428571428571427,32.480000000000004
29.59,40.65714285714286,31.3,82.0375,19,29.021428571428572,28.85,31.625
33.75,47.833333333333336,31.099999999999998,83.10000000000001,20,29.59,29.021428571428572,31.3
32.166666666666664,40.699999999999996,30.839999999999996,84.3,21,33.75,29.59,31.099999999999998
37.31770833333333,46.190625,30.566249999999997,86.13125,22,32.166666666666664,33.75,30.839999999999996
42.46875,51.68125,30.292499999999997,87.9625,23,37.31770833333333,32.166666666666664,30.566249999999997
47.619791666666664,57.171875,30.018749999999997,89.79375,0,42.46875,37.31770833333333,30.292499999999997
52.77083333333333,62.662499999999994,29.744999999999997,91.625,1,47.619791666666664,42.46875,30.018749999999997
57.921875,68.153125,29.471249999999998,93.45625,2,52.77083333333333,47.619791666666664,29.744999999999997
63.072916666666664,73.64375,29.197499999999998,95.2875,3,57.921875,52.77083333333333,29.471249999999998
68.22395833333334,79.134375,28.92375,97.11875,4,63.072916666666664,57.921875,29.197499999999998
73.375,84.625,28.65,98.95,5,68.22395833333334,63.072916666666664,28.92375
76.75,83.5,29.1,97.0,6,73.375,68.22395833333334,28.65
67.33333333333333,75.29166666666667,32.55,84.75,7,76.75,73.375,29.1
57.91666666666667,67.08333333333333,36.0,72.5,8,67.33333333333333,76.75,32.55
48.5,58.875,37.625,66.25,9,57.91666666666667,67.33333333333333,36.0
45.0625,59.325,37.8,63.15,10,48.5,57.91666666666667,37.625
38.7,50.339999999999996,38.9,60.46666666666667,11,45.0625,48.5,37.8
35.18333333333333,46.36666666666667,38.46666666666667,62.06666666666666,12,38.7,45.0625,38.9
38.0,46.0,36.4,67.6,13,35.18333333333333,38.7,38.46666666666667
37.5,48.5,37.56666666666667,64.63333333333333,14,38.0,35.18333333333333,36.4
37.1875,47.0925,37.31428571428571,65.08571428571429,15,37.5,38.0,37.56666666666667
38.06666666666667,49.949999999999996,34.6,73.28,16,37.1875,37.5,37.31428571428571
41.708333333333336,57.083333333333336,32.6125,79.52857142857144,17,38.06666666666667,37.1875,34.6
39.083333333333336,55.25,31.7,81.87142857142858,18,41.708333333333336,38.06666666666667,32.6125
40.42857142857143,52.03285714285715,31.349999999999998,83.06666666666666,19,39.083333333333336,41.708333333333336,31.7
45.6,62.4375,31.139999999999997,84.58,20,40.42857142857143,39.083333333333336,31.349999999999998
46.7875,64.0625,31.0,85.7,21,45.6,40.42857142857143,31.139999999999997
58.115,77.72875,30.9,86.08,22,46.7875,45.6,31.0
58.53928571428572,77.19607142857143,31.472727272727273,84.31818181818181,23,58.115,46.7875,30.9
58.96357142857143,76.66339285714287,32.04545454545455,82.55636363636364,0,58.53928571428572,58.115,31.472727272727273
59.38785714285714,76.13071428571429,32.61818181818182,80.79454545454546,1,58.96357142857143,58.53928571428572,32.04545454545455
59.81214285714286,75.59803571428571,33.19090909090909,79.03272727272727,2,59.38785714285714,58.96357142857143,32.61818181818182
60.236428571428576,75.06535714285714,33.763636363636365,77.27090909090909,3,59.81214285714286,59.38785714285714,33.19090909090909
60.660714285714285,74.53267857142858,34.336363636363636,75.50909090909092,4,60.236428571428576,59.81214285714286,33.763636363636365
61.085,74.0,34.90909090909091,73.74727272727273,5,60.660714285714285,60.236428571428576,34.336363636363636
54.55708333333334,66.1775,35.481818181818184,71.98545454545454,6,61.085,60.660714285714285,34.90909090909091
48.02916666666667,58.355000000000004,36.054545454545455,70.22363636363636,7,54.55708333333334,61.085,35.481818181818184
41.50125,50.5325,36.62727272727273,68.46181818181819,8,48.02916666666667,54.55708333333334,36.054545454545455
34.973333333333336,42.71,37.2,66.7,9,41.50125,48.02916666666667,36.62727272727273
37.392857142857146,50.042857142857144,38.84285714285714,60.471428571428575,10,34.973333333333336,41.50125,37.2
40.275,52.40833333333333,37.98,58.3,11,37.392857142857146,34.973333333333336,38.84285714285714
35.75,44.375,38.825,58.8625,12,40.275,37.392857142857146,37.98
32.81666666666667,42.38666666666667,36.58,65.44,13,35.75,40.275,38.825
33.917142857142856,48.324285714285715,35.019999999999996,69.28,14,32.81666666666667,35.75,36.58
33.93125,45.475,34.65,70.15,15,33.917142857142856,32.81666666666667,35.019999999999996
32.175,42.92,33.6625,73.95,16,33.93125,33.917142857142856,34.65
30.75,39.556666666666665,32.36,78.56,17,32.175,33.93125,33.6625
34.015,44.62875,31.82857142857143,81.74285714285715,18,30.75,32.175,32.36
40.785714285714285,54.07142857142857,31.614285714285717,83.60000000000001,19,34.015,30.75,31.82857142857143
38.32142857142857,51.80714285714286,31.24285714285714,84.94285714285715,20,40.785714285714285,34.015,31.614285714285717
36.6375,47.825,31.11111111111111,85.75555555555555,21,38.32142857142857,40.785714285714285,31.24285714285714
38.3328125,50.040625000000006,30.78472222222222,87.5361111111111,22,36.6375,38.32142857142857,31.11111111111111
40.028125,52.25625,30.458333333333332,89.31666666666666,23,38.3328125,36.6375,30.78472222222222
41.7234375,54.471875,30.131944444444443,91.09722222222221,0,40.028125,38.3328125,30.458333333333332
43.41875,56.6875,29.805555555555557,92.87777777777777,1,41.7234375,40.028125,30.131944444444443
45.1140625,58.903125,29.479166666666668,94.65833333333333,2,43.41875,41.7234375,29.805555555555557
46.809375,61.11875,29.15277777777778,96.43888888888888,3,45.1140625,43.41875,29.479166666666668
48.5046875,63.334374999999994,28.82638888888889,98.21944444444445,4,46.809375,45.1140625,29.15277777777778
50.2,65.55,28.5,100.0,5,48.5046875,46.809375,28.82638888888889
47.300000000000004,62.3125,30.4125,92.1125,6,50.2,48.5046875,28.5
44.400000000000006,59.075,32.325,84.225,7,47.300000000000004,50.2,30.4125
41.5,55.8375,34.2375,76.33749999999999,8,44.400000000000006,47.300000000000004,32.325
38.6,52.6,36.15,68.44999999999999,9,41.5,44.400000000000006,34.2375
38.166666666666664,51.083333333333336,37.2,64.44999999999999,10,38.6,41.5,36.15
42.91583333333333,56.29166666666667,36.733333333333334,65.375,11,38.166666666666664,38.6,37.2
47.665,61.5,36.26666666666667,66.3,12,42.91583333333333,38.166666666666664,36.733333333333334
37.300000000000004,50.541666666666664,39.025,59.675,13,47.665,42.91583333333333,36.26666666666667
36.125,47.45,36.56666666666666,65.23333333333333,14,37.300000000000004,47.665,39.025
37.15,50.471428571428575,36.957142857142856,64.08571428571429,15,36.125,37.300000000000004,36.56666666666666
39.11666666666667,55.324999999999996,35.82,68.36,16,37.15,36.125,36.957142857142856
42.12,57.8,33.114285714285714,75.08571428571429,17,39.11666666666667,37.15,35.82
38.666666666666664,52.416666666666664,31.975,82.025,18,42.12,39.11666666666667,33.114285714285714
41.0,57.0,31.6875,83.36250000000001,19,38.666666666666664,42.12,31.975
41.89375,56.06875,31.4,84.7,20,41.0,38.666666666666664,31.6875
42.7875,55.1375,31.3,85.25,21,41.89375,41.0,31.4
43.1890625,55.917187500000004,30.96875,87.09375,22,42.7875,41.89375,31.3
43.590625,56.696875000000006,30.6375,88.9375,23,43.1890625,42.7875,30.96875
43.9921875,57.4765625,30.30625,90.78125,0,43.590625,43.1890625,30.6375
44.39375,58.25625,29.975,92.625,1,43.9921875,43.590625,30.30625
44.7953125,59.0359375,29.64375,94.46875,2,44.39375,43.9921875,29.975
45.196875,59.815625,29.3125,96.3125,3,44.7953125,44.39375,29.64375
45.5984375,60.5953125,28.98125,98.15625,4,45.196875,44.7953125,29.3125
46.0,61.375,28.65,100.0,5,45.5984375,45.196875,28.98125
43.175,56.93125,30.4625,92.8625,6,46.0,45.5984375,28.65
40.35,52.4875,32.275,85.725,7,43.175,46.0,30.4625
37.525000000000006,48.04375,34.0875,78.5875,8,40.35,43.175,32.275
34.7,43.6,35.9,71.45,9,37.525000000000006,40.35,34.0875
33.125,47.083333333333336,40.675,57.5,10,34.7,37.525000000000006,35.9
45.53333333333333,60.074999999999996,39.35,59.525,11,33.125,34.7,40.675
38.583333333333336,53.07,39.6,59.050000000000004,12,45.53333333333333,33.125,39.35
36.99,47.607142857142854,38.6,60.620000000000005,13,38.583333333333336,45.53333333333333,39.6
35.2875,43.5625,39.077777777777776,59.35555555555556,14,36.99,38.583333333333336,38.6
32.885,44.2225,37.93333333333334,62.23333333333333,15,35.2875,36.99,39.077777777777776
30.916666666666668,42.0,35.98333333333333,66.8,16,32.885,35.2875,37.93333333333334
32.43333333333333,41.108333333333334,33.099999999999994,75.46666666666667,17,30.916666666666668,32.885,35.98333333333333
34.184000000000005,43.965999999999994,32.01428571428571,80.27142857142857,18,32.43333333333333,30.916666666666668,33.099999999999994
38.083333333333336,52.175000000000004,31.666666666666668,81.87777777777778,19,34.184000000000005,32.43333333333333,32.01428571428571
33.53125,43.6975,31.51,82.28999999999999,20,38.083333333333336,34.184000000000005,31.666666666666668
37.26875,50.36875,31.275,83.0625,21,33.53125,38.083333333333336,31.51
36.15833333333333,48.35833333333333,31.139999999999997,84.02000000000001,22,37.26875,33.53125,31.275
41.375,53.25,30.95,85.25,23,36.15833333333333,37.26875,31.139999999999997
37.09375,51.175,30.775,86.5375,0,41.375,36.15833333333333,30.95
35.2625,46.6,30.4625,87.925,1,37.09375,41.375,30.775
39.6775,52.50625,30.369999999999997,88.55,2,35.2625,37.09375,30.4625
40.97,54.9,30.45,88.30000000000001,3,39.6775,35.2625,30.369999999999997
40.14785714285714,53.661071428571425,30.975,86.48333333333335,4,40.97,39.6775,30.45
39.325714285714284,52.42214285714286,31.5,84.66666666666667,5,40.14785714285714,40.97,30.975
38.503571428571426,51.183214285714286,32.025,82.85000000000001,6,39.325714285714284,40.14785714285714,31.5
37.68142857142857,49.94428571428571,32.55,81.03333333333335,7,38.503571428571426,39.325714285714284,32.025
36.85928571428572,48.705357142857146,33.075,79.21666666666667,8,37.68142857142857,38.503571428571426,32.55
36.03714285714286,47.46642857142857,33.6,77.4,9,36.85928571428572,37.68142857142857,33.075
35.215,46.227500000000006,36.13333333333333,68.60000000000001,10,36.03714285714286,36.85928571428572,33.6
34.392857142857146,44.98857142857143,38.666666666666664,59.800000000000004,11,35.215,36.03714285714286,36.13333333333333
34.2,42.7,37.05,63.25,12,34.392857142857146,35.215,38.666666666666664
30.0,37.75,37.800000000000004,61.9,13,34.2,34.392857142857146,37.05
30.4875,37.7025,37.525,63.425,14,30.0,34.2,37.800000000000004
28.7025,34.165,35.85,67.45,15,30.4875,30.0,37.525
29.84222222222222,38.17444444444445,35.175000000000004,69.4,16,28.7025,30.4875,35.85
29.595,37.625,32.72857142857143,77.11428571428571,17,29.84222222222222,28.7025,35.175000000000004
31.391666666666666,38.358333333333334,31.924999999999997,80.05,18,29.595,29.84222222222222,32.72857142857143
35.75,46.4125,31.8,81.3,19,31.391666666666666,29.595,31.924999999999997
32.291666666666664,40.05833333333333,31.633333333333336,83.06666666666666,20,35.75,31.391666666666666,31.8
32.75,39.75,31.2,83.95,21,32.291666666666664,35.75,31.633333333333336
36.65625,44.25,31.0,85.06875000000001,22,32.75,32.291666666666664,31.2
40.5625,48.75,30.8,86.1875,23,36.65625,32.75,31.0
44.46875,53.25,30.6,87.30625,0,40.5625,36.65625,30.8
48.375,57.75,30.4,88.42500000000001,1,44.46875,40.5625,30.6
52.28125,62.25,30.2,89.54375,2,48.375,44.46875,30.4
56.1875,66.75,30.0,90.66250000000001,3,52.28125,48.375,30.2
60.09375,71.25,29.8,91.78125,4,56.1875,52.28125,30.0
64.0,75.75,29.6,92.9,5,60.09375,56.1875,29.8
68.5,84.0,29.9,90.5,6,64.0,60.09375,29.6
60.25,74.24375,32.18333333333333,82.7,7,68.5,64.0,29.9
52.0,64.4875,34.46666666666667,74.89999999999999,8,60.25,68.5,32.18333333333333
43.75,54.73125,36.75,67.1,9,52.0,60.25,34.46666666666667
35.5,44.975,36.45,66.5,10,43.75,52.0,36.75
42.25,55.142857142857146,40.425000000000004,57.525,11,35.5,43.75,36.45
43.025,56.416666666666664,39.371428571428574,59.199999999999996,12,42.25,35.5,40.425000000000004
32.826,43.269999999999996,38.733333333333334,60.449999999999996,13,43.025,42.25,39.371428571428574
30.25,33.083333333333336,38.660000000000004,61.06,14,32.826,43.025,38.733333333333334
28.285714285714285,33.49285714285714,37.371428571428574,63.785714285714285,15,30.25,32.826,38.660000000000004
23.8,28.939999999999998,35.833333333333336,67.35000000000001,16,28.285714285714285,30.25,37.371428571428574
28.0,34.0,33.18571428571429,75.77142857142857,17,23.8,28.285714285714285,35.833333333333336
27.8375,32.1125,31.875,80.475,18,28.0,23.8,33.18571428571429
27.285714285714285,31.935714285714287,31.633333333333336,82.3,19,27.8375,28.0,31.875
31.21,39.685,31.4375,83.2625,20,27.285714285714285,27.8375,31.633333333333336
34.653333333333336,45.305,31.355555555555554,83.98888888888888,21,31.21,27.285714285714285,31.4375
30.90625,42.7,31.21111111111111,84.8111111111111,22,34.653333333333336,31.21,31.355555555555554
29.64222222222222,38.85333333333333,31.055555555555557,85.6,23,30.90625,34.653333333333336,31.21111111111111
42.18333333333333,53.97222222222222,30.924999999999997,86.22500000000001,0,29.64222222222222,30.90625,31.055555555555557
77.2025,90.99625,30.65,87.4,1,42.18333333333333,29.64222222222222,30.924999999999997
61.59375,75.65625,30.52857142857143,88.12857142857142,2,77.2025,42.18333333333333,30.65
52.729166666666664,63.57083333333333,30.452380952380953,88.68571428571428,3,61.59375,77.2025,30.52857142857143
43.86458333333333,51.485416666666666,30.376190476190477,89.24285714285713,4,52.729166666666664,61.59375,30.452380952380953
35.0,39.4,30.3,89.8,5,43.86458333333333,52.729166666666664,30.376190476190477
33.5,47.0,30.4,89.1,6,35.0,43.86458333333333,30.3
34.0625,47.25,32.125,83.45833333333333,7,33.5,35.0,30.4
34.625,47.5,33.85,77.81666666666666,8,34.0625,33.5,32.125
35.1875,47.75,35.575,72.175,9,34.625,34.0625,33.85
35.75,48.0,37.300000000000004,66.53333333333333,10,35.1875,34.625,35.575
45.0,56.0,37.16666666666667,66.48333333333333,11,35.75,35.1875,37.300000000000004
28.317500000000003,32.3175,37.03333333333333,66.43333333333334,12,45.0,35.75,37.16666666666667
26.625,33.375,37.175,65.5375,13,28.317500000000003,45.0,37.03333333333333
25.099999999999998,29.116666666666664,36.55714285714286,66.74285714285715,14,26.625,28.317500000000003,37.175
26.47,34.43,35.875,67.95,15,25.099999999999998,26.625,36.55714285714286
24.974999999999998,31.941666666666666,34.38,72.42,16,26.47,25.099999999999998,35.875
24.986666666666668,32.278333333333336,32.75,77.825,17,24.974999999999998,26.47,34.38
29.05666666666667,34.723333333333336,31.8,81.65,18,24.986666666666668,24.974999999999998,32.75
30.4175,35.975,31.575,83.8,19,29.05666666666667,24.986666666666668,31.8
29.508333333333336,35.041666666666664,31.442857142857143,84.21428571428571,20,30.4175,29.05666666666667,31.575
33.107142857142854,40.98857142857143,31.25,84.875,21,29.508333333333336,30.4175,31.442857142857143
34.46875,43.24,31.01875,86.171875,22,33.107142857142854,29.508333333333336,31.25
35.83035714285714,45.49142857142857,30.7875,87.46875,23,34.46875,33.107142857142854,31.01875
37.191964285714285,47.74285714285715,30.55625,88.765625,0,35.83035714285714,34.46875,30.7875
38.55357142857143,49.994285714285716,30.325,90.0625,1,37.191964285714285,35.83035714285714,30.55625
39.91517857142857,52.245714285714286,30.09375,91.359375,2,38.55357142857143,37.191964285714285,30.325
41.276785714285715,54.49714285714286,29.862499999999997,92.65625,3,39.91517857142857,38.55357142857143,30.09375
42.63839285714286,56.74857142857143,29.631249999999998,93.953125,4,41.276785714285715,39.91517857142857,29.862499999999997
44.0,59.0,29.4,95.25,5,42.63839285714286,41.276785714285715,29.631249999999998
46.0,60.0,30.599999999999998,77.66,6,44.0,42.63839285714286,29.4
43.333333333333336,56.625,31.799999999999997,60.07,7,46.0,44.0,30.599999999999998
40.666666666666664,53.25,33.0,42.480000000000004,8,43.333333333333336,46.0,31.799999999999997
38.0,49.875,34.199999999999996,24.89,9,40.666666666666664,43.333333333333336,33.0
35.333333333333336,46.5,35.4,7.3,10,38.0,40.666666666666664,34.199999999999996
32.66666666666667,43.125,34.5,73.4,11,35.333333333333336,38.0,35.4
30.0,39.75,35.45,70.35,12,32.66666666666667,35.333333333333336,34.5
26.275,32.225,36.38,67.76,13,30.0,32.66666666666667,35.45
25.1375,28.9625,35.23111111111111,71.58444444444444,14,26.275,30.0,36.38
24.0,25.7,34.08222222222222,75.4088888888889,15,25.1375,26.275,35.23111111111111
23.5,29.75,32.93333333333333,79.23333333333333,16,24.0,25.1375,34.08222222222222
24.61,30.568,32.142857142857146,81.04285714285713,17,23.5,24.0,32.93333333333333
30.664285714285715,39.885714285714286,31.375,82.1375,18,24.61,23.5,32.142857142857146
33.0,38.6,31.726666666666667,81.29166666666667,19,30.664285714285715,24.61,31.375
33.13392857142857,39.09285714285714,32.07833333333333,80.44583333333334,20,33.0,30.664285714285715,31.726666666666667
33.267857142857146,39.58571428571429,32.43,79.60000000000001,21,33.13392857142857,33.0,32.07833333333333
33.401785714285715,40.07857142857143,32.781666666666666,78.75416666666666,22,33.267857142857146,33.13392857142857,32.43
33.535714285714285,40.57142857142857,33.13333333333333,77.90833333333333,23,33.401785714285715,33.267857142857146,32.781666666666666
33.669642857142854,41.06428571428572,33.485,77.0625,0,33.535714285714285,33.401785714285715,33.13333333333333
33.80357142857143,41.55714285714286,33.83666666666667,76.21666666666667,1,33.669642857142854,33.535714285714285,33.485
33.9375,42.05,34.18833333333334,75.37083333333334,2,33.80357142857143,33.669642857142854,33.83666666666667
34.07142857142857,42.542857142857144,34.540000000000006,74.525,3,33.9375,33.80357142857143,34.18833333333334
34.205357142857146,43.035714285714285,34.89166666666667,73.67916666666667,4,34.07142857142857,33.9375,34.540000000000006
34.339285714285715,43.52857142857143,35.24333333333334,72.83333333333334,5,34.205357142857146,34.07142857142857,34.89166666666667
34.473214285714285,44.02142857142857,35.595000000000006,71.9875,6,34.339285714285715,34.205357142857146,35.24333333333334
34.607142857142854,44.51428571428571,35.94666666666667,71.14166666666667,7,34.473214285714285,34.339285714285715,35.595000000000006
34.74107142857143,45.00714285714286,36.29833333333334,70.29583333333333,8,34.607142857142854,34.473214285714285,35.94666666666667
34.875,45.5,36.650000000000006,69.45,9,34.74107142857143,34.607142857142854,36.29833333333334
34.86666666666667,44.99166666666667,38.475,64.0,10,34.875,34.74107142857143,36.650000000000006
39.0,48.5,36.1,66.8,11,34.86666666666667,34.875,38.475
36.028571428571425,47.449999999999996,38.7,62.68333333333334,12,39.0,34.86666666666667,36.1
27.9125,32.75,37.94,64.41999999999999,13,36.028571428571425,39.0,38.7
25.414285714285715,32.07142857142857,37.15,65.725,14,27.9125,36.028571428571425,37.94
24.195999999999998,28.832,36.92,65.58,15,25.414285714285715,27.9125,37.15
25.433333333333334,31.466666666666665,33.775,75.575,16,24.195999999999998,25.414285714285715,36.92
26.075,30.041666666666668,32.56666666666667,79.48333333333333,17,25.433333333333334,24.195999999999998,33.775
27.941666666666666,34.49166666666667,31.8,82.9,18,26.075,25.433333333333334,32.56666666666667
30.5,39.26875,31.399999999999995,84.64999999999999,19,27.941666666666666,26.075,31.8
30.6,36.7625,31.157142857142855,86.41428571428571,20,30.5,27.941666666666666,31.399999999999995
33.875,47.125,31.0,87.7,21,30.6,30.5,31.157142857142855
35.915625,49.809375,30.75,89.00625000000001,22,33.875,30.6,31.0
37.95625,52.49375,30.5,90.3125,23,35.915625,33.875,30.75
39.996875,55.178124999999994,30.25,91.61875,0,37.95625,35.915625,30.5
42.0375,57.8625,30.0,92.92500000000001,1,39.996875,37.95625,30.25
44.078125,60.546875,29.75,94.23125,2,42.0375,39.996875,30.0
46.118750000000006,63.231249999999996,29.5,95.53750000000001,3,44.078125,42.0375,29.75
48.159375000000004,65.91562499999999,29.25,96.84375,4,46.118750000000006,44.078125,29.5
50.2,68.6,29.0,98.15,5,48.159375000000004,46.118750000000006,29.25
50.0,64.5,30.248571428571427,93.23428571428572,6,50.2,48.159375000000004,29.0
57.354166666666664,71.83333333333333,31.497142857142855,88.31857142857143,7,50.0,50.2,30.248571428571427
64.70833333333333,79.16666666666667,32.745714285714286,83.40285714285714,8,57.354166666666664,50.0,31.497142857142855
72.0625,86.5,33.99428571428571,78.48714285714286,9,64.70833333333333,57.354166666666664,32.745714285714286
79.41666666666667,93.83333333333333,35.24285714285714,73.57142857142857,10,72.0625,64.70833333333333,33.99428571428571
86.77083333333334,101.16666666666666,36.491428571428564,68.65571428571428,11,79.41666666666667,72.0625,35.24285714285714
94.125,108.5,37.739999999999995,63.739999999999995,12,86.77083333333334,79.41666666666667,36.491428571428564
70.26571428571428,83.34285714285714,37.4625,63.625,13,94.125,86.77083333333334,37.739999999999995
34.105000000000004,45.417500000000004,38.099999999999994,62.36666666666666,14,70.26571428571428,94.125,37.4625
30.291666666666668,38.375,37.0,64.675,15,34.105000000000004,70.26571428571428,38.099999999999994
27.53125,34.4,35.471428571428575,68.62857142857142,16,30.291666666666668,34.105000000000004,37.0
29.339999999999996,36.666,33.275,75.25,17,27.53125,30.291666666666668,35.471428571428575
27.939999999999998,33.58,31.849999999999998,81.41666666666667,18,29.339999999999996,27.53125,33.275
28.889999999999997,39.65,31.5,84.83333333333333,19,27.939999999999998,29.339999999999996,31.849999999999998
29.779999999999998,38.295,31.32142857142857,85.62380952380951,20,28.889999999999997,27.939999999999998,31.5
30.669999999999998,36.94,31.142857142857142,86.41428571428571,21,29.779999999999998,28.889999999999997,31.32142857142857
30.825,39.575,31.0,87.15,22,30.669999999999998,29.779999999999998,31.142857142857142
33.76785714285714,43.60714285714286,30.742857142857144,88.9857142857143,23,30.825,30.669999999999998,31.0
36.71071428571428,47.63928571428572,30.485714285714284,90.82142857142857,0,33.76785714285714,30.825,30.742857142857144
39.653571428571425,51.67142857142857,30.228571428571428,92.65714285714286,1,36.71071428571428,33.76785714285714,30.485714285714284
42.59642857142857,55.70357142857143,29.97142857142857,94.49285714285715,2,39.653571428571425,36.71071428571428,30.228571428571428
45.53928571428571,59.73571428571429,29.714285714285715,96.32857142857144,3,42.59642857142857,39.653571428571425,29.97142857142857
48.482142857142854,63.76785714285714,29.457142857142856,98.16428571428571,4,45.53928571428571,42.59642857142857,29.714285714285715
51.425,67.8,29.2,100.0,5,48.482142857142854,45.53928571428571,29.457142857142856
48.318749999999994,63.787499999999994,29.3,100.0,6,51.425,48.482142857142854,29.2
45.2125,59.775,30.3,94.83333333333333,7,48.318749999999994,51.425,29.3
42.10625,55.7625,31.299999999999997,89.66666666666667,8,45.2125,48.318749999999994,30.3
39.0,51.75,32.3,84.5,9,42.10625,45.2125,31.299999999999997
31.5,36.833333333333336,37.05,67.1,10,39.0,42.10625,32.3
30.7,39.79,40.3,57.2,11,31.5,39.0,37.05
30.1,41.195,39.68333333333333,58.18333333333334,12,30.7,31.5,40.3
29.5,42.6,39.06666666666666,59.166666666666664,13,30.1,30.7,39.68333333333333
23.083333333333332,30.041666666666668,37.3,63.06,14,29.5,30.1,39.06666666666666
21.07,24.705,37.25,63.9,15,23.083333333333332,29.5,37.3
19.996,21.556,35.980000000000004,67.8,16,21.07,23.083333333333332,37.25
21.914285714285715,25.22142857142857,32.800000000000004,76.88333333333334,17,19.996,21.07,35.980000000000004
22.05,26.84166666666667,31.860000000000003,81.72,18,21.914285714285715,19.996,32.800000000000004
26.302500000000002,31.075,31.433333333333334,84.63333333333334,19,22.05,21.914285714285715,31.860000000000003
24.45,31.05,31.185714285714287,86.31428571428572,20,26.302500000000002,22.05,31.433333333333334
30.0,34.4,31.049999999999997,87.1,21,24.45,26.302500000000002,31.185714285714287
27.75,38.625,30.9,87.6,22,30.0,24.45,31.049999999999997
36.846428571428575,47.80357142857143,30.52142857142857,89.3142857142857,23,27.75,30.0,30.9
45.94285714285714,56.98214285714286,30.142857142857142,91.02857142857142,0,36.846428571428575,27.75,30.52142857142857
55.03928571428571,66.16071428571428,29.764285714285712,92.74285714285713,1,45.94285714285714,36.846428571428575,30.142857142857142
64.13571428571429,75.33928571428572,29.385714285714286,94.45714285714286,2,55.03928571428571,45.94285714285714,29.764285714285712
73.23214285714286,84.51785714285714,29.007142857142856,96.17142857142856,3,64.13571428571429,55.03928571428571,29.385714285714286
82.32857142857142,93.69642857142857,28.628571428571426,97.88571428571427,4,73.23214285714286,64.13571428571429,29.007142857142856
91.425,102.875,28.25,99.6,5,82.32857142857142,73.23214285714286,28.628571428571426
84.173,96.127,30.16,93.21,6,91.425,82.32857142857142,28.25
76.92099999999999,89.37899999999999,32.07,86.82,7,84.173,91.425,30.16
69.669,82.631,33.98,80.43,8,76.92099999999999,84.173,32.07
62.417,75.883,35.89,74.04,9,69.669,76.92099999999999,33.98
55.165,69.13499999999999,37.8,67.65,10,62.417,69.669,35.89
55.11857142857143,70.94285714285715,37.760000000000005,66.3,11,55.165,62.417,37.8
43.42206349206349,54.53531746031746,38.00857142857143,64.41428571428571,12,55.11857142857143,55.165,37.760000000000005
31.72555555555555,38.12777777777777,38.25714285714286,62.528571428571425,13,43.42206349206349,55.11857142857143,38.00857142857143
28.642857142857142,36.11571428571428,37.714285714285715,64.07142857142857,14,31.72555555555555,43.42206349206349,38.25714285714286
27.407142857142855,33.378571428571426,36.9125,65.4875,15,28.642857142857142,31.72555555555555,37.714285714285715
23.833333333333332,27.35,34.9,71.10000000000001,16,27.407142857142855,28.642857142857142,36.9125
27.4875,36.35,32.575,78.6,17,23.833333333333332,27.407142857142855,34.9
29.38125,35.3,31.85,82.2,18,27.4875,23.833333333333332,32.575
30.394444444444446,36.44444444444444,31.54444444444444,84.38888888888889,19,29.38125,27.4875,31.85
29.447499999999998,35.29375,31.349999999999998,86.025,20,30.394444444444446,29.38125,31.54444444444444
32.833333333333336,39.76666666666667,31.4,85.4,21,29.447499999999998,30.394444444444446,31.349999999999998
